date,co2
1950-01-01 00:00:00.000000000,302.4835707650562
1950-01-29 03:37:39.459459459,299.5088786943443
1950-02-26 07:15:18.918918919,303.6388430909039
1950-03-26 10:52:58.378378378,308.21574988264075
1950-04-23 14:30:37.837837838,299.6300339271841
1950-05-21 18:08:17.297297298,299.8303162162551
1950-06-18 21:45:56.756756756,309.0972652787382
1950-07-17 01:23:36.216216216,305.23857504716597
1950-08-14 05:01:15.675675676,299.25422967192685
1950-09-11 08:38:55.135135136,304.5146020197316
1950-10-09 12:16:34.594594596,299.68491353793974
1950-11-06 15:54:14.054054056,299.8735534343509
1950-12-04 19:31:53.513513512,303.6122137602326
1951-01-01 23:09:32.972972972,293.0362013793136
1951-01-30 02:47:12.432432432,294.1782136402377
1951-02-27 06:24:51.891891896,300.19156535679815
1951-03-27 10:02:31.351351352,298.1390476015311
1951-04-24 13:40:10.810810808,304.9746400663798
1951-05-22 17:17:50.270270272,299.0634832259976
1951-06-19 20:55:29.729729728,296.74228529712735
1951-07-18 00:33:09.189189192,311.33224784861176
1951-08-15 04:10:48.648648648,303.0753227017715
1951-09-12 07:48:28.108108112,304.74204542784406
1951-10-10 11:26:07.567567568,297.4808636735373
1951-11-07 15:03:47.027027024,302.0828911821789
1951-12-05 18:41:26.486486488,305.5596179535543
1952-01-02 22:19:05.945945944,299.45023731809374
1952-01-31 01:56:45.405405408,307.28389549713376
1952-02-28 05:34:24.864864864,302.60241215601155
1952-03-27 09:12:04.324324328,304.3473370568394
1952-04-24 12:49:43.783783792,302.99747294485906
1952-05-22 16:27:23.243243248,315.4675971287509
1952-06-19 20:05:02.702702704,306.33892028271674
1952-07-17 23:42:42.162162160,301.3180519618271
1952-08-15 03:20:21.621621616,310.9195313673228
1952-09-12 06:58:01.081081088,300.9027887571519
1952-10-10 10:35:40.540540544,308.251525182231
1952-11-07 14:13:20.000000000,297.6090567880085
1952-12-05 17:50:59.459459456,300.9666773631155
1953-01-02 21:28:38.918918928,308.7921139871534
1953-01-31 01:06:18.378378384,311.70034090798504
1953-02-28 04:43:57.837837840,309.06504961415806
1953-03-28 08:21:37.297297296,307.83016699646726
1953-04-25 11:59:16.756756752,307.10309013066217
1953-05-23 15:36:56.216216224,301.4161988569717
1953-06-20 19:14:35.675675680,305.40978796703547
1953-07-18 22:52:15.135135136,306.9060153544103
1953-08-16 02:29:54.594594592,314.695020540504
1953-09-13 06:07:34.054054048,311.3277010574519
1953-10-11 09:45:13.513513520,300.9946090329961
1953-11-08 13:22:52.972972976,311.630429856984
1953-12-06 17:00:32.432432432,308.28479880812864
1954-01-03 20:38:11.891891888,307.0258004088806
1954-02-01 00:15:51.351351360,313.6689920548149
1954-03-01 03:53:30.810810816,315.9658084232906
1954-03-29 07:31:10.270270272,315.667411606592
1954-04-26 11:08:49.729729728,307.01512359509803
1954-05-24 14:46:29.189189184,309.86534953215534
1954-06-21 18:24:08.648648656,313.2679287686295
1954-07-19 22:01:48.108108112,316.6895374474236
1954-08-17 01:39:27.567567584,309.61614082278555
1954-09-14 05:17:07.027027040,311.2839173288931
1954-10-12 08:54:46.486486496,306.8807375423823
1954-11-09 12:32:25.945945952,306.63157949220926
1954-12-07 16:10:05.405405408,316.8754419247838
1955-01-04 19:47:44.864864864,319.7942131558671
1955-02-01 23:25:24.324324320,312.8531626053116
1955-03-02 03:03:03.783783776,318.43107790287354
1955-03-30 06:40:43.243243232,315.42179373885176
1955-04-27 10:18:22.702702720,310.58821504078816
1955-05-25 13:56:02.162162176,315.8209920415561
1955-06-22 17:33:41.621621632,321.9043970465441
1955-07-20 21:11:21.081081088,314.23528421886465
1955-08-18 00:49:00.540540544,322.43783289368463
1955-09-15 04:26:40.000000000,301.7160892943661
1955-10-13 08:04:19.459459456,319.12452753689115
1955-11-10 11:41:58.918918912,315.65045055640604
1955-12-08 15:19:38.378378368,313.92037866308607
1956-01-05 18:57:17.837837856,316.07441949829314
1956-02-02 22:34:57.297297312,305.8779712428114
1956-03-02 02:12:36.756756768,314.91765657682845
1956-03-30 05:50:16.216216224,318.0017790737749
1956-04-27 09:27:55.675675680,323.805886640124
1956-05-25 13:05:35.135135136,314.0252655252484
1956-06-22 16:43:14.594594592,312.77434880235086
1956-07-20 20:20:54.054054048,314.5082317990943
1956-08-17 23:58:33.513513504,321.7942278057276
1956-09-15 03:36:12.972972992,319.06117296571585
1956-10-13 07:13:52.432432448,314.96881659878244
1956-11-10 10:51:31.891891904,320.3841549833846
1956-12-08 14:29:11.351351360,318.50340576475827
1957-01-05 18:06:50.810810816,323.0614431708827
1957-02-02 21:44:30.270270272,314.90815294903166
1957-03-03 01:22:09.729729728,316.98030788562977
1957-03-31 04:59:49.189189184,316.8582780531581
1957-04-28 08:37:28.648648640,311.70144427835845
1957-05-26 12:15:08.108108096,320.6998206045421
1957-06-23 15:52:47.567567584,320.7246957803188
1957-07-21 19:30:27.027027040,319.64518690283194
1957-08-18 23:08:06.486486496,318.6468841529441
1957-09-16 02:45:45.945945952,312.94316630976795
1957-10-14 06:23:25.405405408,318.1169936063934
1957-11-11 10:01:04.864864864,318.7068478377866
1957-12-09 13:38:44.324324320,316.6092342745125
1958-01-06 17:16:23.783783776,320.0143922624908
1958-02-03 20:54:03.243243232,323.0412753050937
1958-03-04 00:31:42.702702720,330.6521507272739
1958-04-01 04:09:22.162162176,322.29431048558064
1958-04-29 07:47:01.621621632,322.90937357523546
1958-05-27 11:24:41.081081088,321.44959224299095
1958-06-24 15:02:20.540540544,312.4281659455268
1958-07-22 18:40:00.000000000,322.0896528449762
1958-08-19 22:17:39.459459456,322.72357347212755
1958-09-17 01:55:18.918918912,334.938833185049
1958-10-15 05:32:58.378378368,321.86101799891725
1958-11-12 09:10:37.837837856,324.5307597346911
1958-12-10 12:48:17.297297312,323.049664374697
1959-01-07 16:25:56.756756768,317.58003323532574
1959-02-04 20:03:36.216216224,329.33773769619876
1959-03-04 23:41:15.675675712,327.5834889872577
1959-04-02 03:18:55.135135168,327.9791837592393
1959-04-30 06:56:34.594594624,319.6772869502505
1959-05-28 10:34:14.054054080,331.43839597910494
1959-06-25 14:11:53.513513536,317.61536931066325
1959-07-23 17:49:32.972972992,327.75911029382615
1959-08-20 21:27:12.432432448,335.9773031540749
1959-09-18 01:04:51.891891904,320.2725435995718
1959-10-16 04:42:31.351351360,322.59393677741156
1959-11-13 08:20:10.810810816,326.1238824510638
1959-12-11 11:57:50.270270272,323.3084475552448
1960-01-08 15:35:29.729729728,318.2727088706954
1960-02-05 19:13:09.189189184,326.56904110025636
1960-03-04 22:50:48.648648640,321.1149078577959
1960-04-02 02:28:28.108108096,328.9945887798025
1960-04-30 06:06:07.567567552,322.2297056556578
1960-05-28 09:43:47.027027008,334.77669905211474
1960-06-25 13:21:26.486486464,323.31096076554604
1960-07-23 16:59:05.945945920,325.817119846399
1960-08-20 20:36:45.405405440,331.695213714476
1960-09-18 00:14:24.864864896,321.6735062456581
1960-10-16 03:52:04.324324352,329.1653277010487
1960-11-13 07:29:43.783783808,334.76394199964034
1960-12-11 11:07:23.243243264,320.3910122556223
1961-01-08 14:45:02.702702720,329.55179792129013
1961-02-05 18:22:42.162162176,330.12824280007095
1961-03-05 22:00:21.621621632,332.93814338791555
1961-04-03 01:38:01.081081088,323.04447567483885
1961-05-01 05:15:40.540540544,322.82714636400806
1961-05-29 08:53:20.000000000,332.2393374577141
1961-06-26 12:30:59.459459456,331.31475319599576
1961-07-24 16:08:38.918918912,331.28249428175945
1961-08-21 19:46:18.378378368,331.9624712777151
1961-09-18 23:23:57.837837824,327.03030682253797
1961-10-17 03:01:37.297297280,331.7918991164357
1961-11-14 06:39:16.756756736,332.29619319732427
1961-12-12 10:16:56.216216192,327.4592739408992
1962-01-09 13:54:35.675675712,340.560103786955
1962-02-06 17:32:15.135135168,333.80059603599034
1962-03-06 21:09:54.594594624,325.6751141456184
1962-04-04 00:47:34.054054080,335.114599875001
1962-05-02 04:25:13.513513536,327.1586236808954
1962-05-30 08:02:52.972972992,336.1676552509445
1962-06-27 11:40:32.432432448,338.2254103274695
1962-07-25 15:18:11.891891904,328.52922104087406
1962-08-22 18:55:51.351351360,337.6497134790544
1962-09-19 22:33:30.810810816,335.0969376677155
1962-10-18 02:11:10.270270272,337.3435340332057
1962-11-15 05:48:49.729729728,342.9173983467032
1962-12-13 09:26:29.189189184,332.4066930536193
1963-01-10 13:04:08.648648640,330.06515301204644
1963-02-07 16:41:48.108108096,329.58646188590643
1963-03-07 20:19:27.567567552,330.15518280940705
1963-04-04 23:57:07.027027008,334.0489258873639
1963-05-03 03:34:46.486486464,336.34039450871785
1963-05-31 07:12:25.945945984,336.2182888314849
1963-06-28 10:50:05.405405440,339.17095128021515
1963-07-26 14:27:44.864864896,335.3002446946248
1963-08-23 18:05:24.324324352,342.70310582122204
1963-09-20 21:43:03.783783808,334.31235146944584
1963-10-19 01:20:43.243243264,349.43668166878393
1963-11-16 04:58:22.702702720,339.1643727748611
1963-12-14 08:36:02.162162176,331.9504484541548
1964-01-11 12:13:41.621621632,331.0819739461309
1964-02-08 15:51:21.081081088,339.04899871285255
1964-03-07 19:29:00.540540544,335.71952291020756
1964-04-04 23:06:40.000000000,340.6070395074975
1964-05-03 02:44:19.459459456,339.60342536010495
1964-05-31 06:21:58.918918912,337.0732928741531
1964-06-28 09:59:38.378378368,333.4036690472956
1964-07-26 13:37:17.837837824,330.2636017144085
1964-08-23 17:14:57.297297280,335.8054632777029
1964-09-20 20:52:36.756756736,342.5202322098556
1964-10-19 00:30:16.216216192,339.50890715908946
1964-11-16 04:07:55.675675712,332.40994474507875
1964-12-14 07:45:35.135135168,339.70474346809476
1965-01-11 11:23:14.594594624,340.9656259376832
1965-02-08 15:00:54.054054080,334.8199520582336
1965-03-08 18:38:33.513513536,340.208064969167
1965-04-05 22:16:12.972972992,339.93068323186964
1965-05-04 01:53:52.432432448,334.12498835068675
1965-06-01 05:31:31.891891904,341.82897684178147
1965-06-29 09:09:11.351351360,343.0441628720814
1965-07-27 12:46:50.810810816,345.85569665631687
1965-08-24 16:24:30.270270272,345.90965090081517
1965-09-21 20:02:09.729729728,333.95249400105536
1965-10-19 23:39:49.189189184,336.35191584146537
1965-11-17 03:17:28.648648640,343.81641757728454
1965-12-15 06:55:08.108108096,344.0103711960025
1966-01-12 10:32:47.567567552,344.21688007317186
1966-02-09 14:10:27.027027008,361.10549929511546
1966-03-09 17:48:06.486486464,344.8964945955079
1966-04-06 21:25:45.945945984,347.9200704431452
1966-05-05 01:03:25.405405440,347.21245125990845
1966-06-02 04:41:04.864864896,345.8995988991716
1966-06-30 08:18:44.324324352,341.26649661964115
1966-07-28 11:56:23.783783808,346.8378891455094
1966-08-25 15:34:03.243243264,339.3791171705554
1966-09-22 19:11:42.702702720,342.25935040974343
1966-10-20 22:49:22.162162176,341.21682590449814
1966-11-18 02:27:01.621621632,344.25321454077545
1966-12-16 06:04:41.081081088,355.61733687741156
1967-01-13 09:42:20.540540544,334.9079182812855
1967-02-10 13:20:00.000000000,347.87574539631703
1967-03-10 16:57:39.459459456,336.5810652886964
1967-04-07 20:35:18.918918912,342.4851855158977
1967-05-06 00:12:58.378378368,350.4897980298819
1967-06-03 03:50:37.837837824,345.5666453407226
1967-07-01 07:28:17.297297280,340.0567215557989
1967-07-29 11:05:56.756756736,342.0691270993458
1967-08-26 14:43:36.216216256,349.24383459051927
1967-09-23 18:21:15.675675712,342.39421288746036
1967-10-21 21:58:55.135135168,347.3285391941561
1967-11-19 01:36:34.594594624,346.6743056459655
1967-12-17 05:14:14.054054080,343.3886449086176
1968-01-14 08:51:53.513513536,357.5665672934735
1968-02-11 12:29:32.972972992,350.2166421586371
1968-03-10 16:07:12.432432448,337.1215343139592
1968-04-07 19:44:51.891891904,348.3797190212946
1968-05-05 23:22:31.351351424,344.33871532380573
1968-06-03 03:00:10.810810880,352.110014521829
1968-07-01 06:37:50.270270336,344.08544435588453
1968-07-29 10:15:29.729729792,347.67456604091376
1968-08-26 13:53:09.189189248,350.97338484335074
1968-09-23 17:30:48.648648704,352.97742461949923
1968-10-21 21:08:28.108108160,342.84736681357
1968-11-19 00:46:07.567567616,347.37654286984434
1968-12-17 04:23:47.027027072,346.8745226934445
1969-01-14 08:01:26.486486528,346.1828032865809
1969-02-11 11:39:05.945945984,358.4769208510551
1969-03-11 15:16:45.405405440,351.87475840465464
1969-04-08 18:54:24.864864896,343.74563027837485
1969-05-06 22:32:04.324324352,354.83955998552415
1969-06-04 02:09:43.783783808,361.0612314355136
1969-07-02 05:47:23.243243264,355.8129769534064
1969-07-30 09:25:02.702702720,343.2540010210808
1969-08-27 13:02:42.162162176,348.6298806867198
1969-09-24 16:40:21.621621632,357.58580699718436
1969-10-22 20:18:01.081081088,347.9131041233576
1969-11-19 23:55:40.540540544,353.8707487923828
1969-12-18 03:33:20.000000000,355.72502211899854
1970-01-15 07:10:59.459459456,347.41739969416165
1970-02-12 10:48:38.918918912,351.9546254719433
1970-03-12 14:26:18.378378368,336.2461157521071
1970-04-09 18:03:57.837837824,347.5307144459812
1970-05-07 21:41:37.297297280,351.590012095887
1970-06-05 01:19:16.756756736,346.81413714322883
1970-07-03 04:56:56.216216192,361.4153097729114
1970-07-31 08:34:35.675675648,346.30274656365026
1970-08-28 12:12:15.135135104,351.45343122016874
1970-09-25 15:49:54.594594560,354.5075567402843
1970-10-23 19:27:34.054054016,361.2604204993846
1970-11-20 23:05:13.513513472,347.0749434983571
1970-12-19 02:42:52.972972928,360.2702732152292
1971-01-16 06:20:32.432432384,354.7058199597526
1971-02-13 09:58:11.891891840,349.9473115996151
1971-03-13 13:35:51.351351424,357.3655724263714
1971-04-10 17:13:30.810810880,356.25055373312256
1971-05-08 20:51:10.270270336,352.45437106966153
1971-06-06 00:28:49.729729792,356.0046660806058
1971-07-04 04:06:29.189189248,353.92928787154705
1971-08-01 07:44:08.648648704,356.6236427823123
1971-08-29 11:21:48.108108160,359.56690962886154
1971-09-26 14:59:27.567567616,364.38654053718324
1971-10-24 18:37:07.027027072,350.4675791625224
1971-11-21 22:14:46.486486528,367.5220237301382
1971-12-20 01:52:25.945945984,347.2966180594446
1972-01-17 05:30:05.405405440,356.49833178207933
1972-02-14 09:07:44.864864896,360.39904348988034
1972-03-13 12:45:24.324324352,359.0626169963328
1972-04-10 16:23:03.783783808,354.7443602587549
1972-05-08 20:00:43.243243264,357.01744680627166
1972-06-05 23:38:22.702702720,355.7932535849641
1972-07-04 03:16:02.162162176,355.5116346737374
1972-08-01 06:53:41.621621632,362.9066691437638
1972-08-29 10:31:21.081081088,360.64393628868413
1972-09-26 14:09:00.540540544,355.5945110827558
1972-10-24 17:46:40.000000000,363.7572586364255
1972-11-21 21:24:19.459459456,360.9959570638425
1972-12-20 01:01:58.918918912,363.7239702538545
1973-01-17 04:39:38.378378368,363.0080040694779
1973-02-14 08:17:17.837837824,355.9150850054497
1973-03-14 11:54:57.297297280,357.4593550592754
1973-04-11 15:32:36.756756736,364.1969284860768
1973-05-09 19:10:16.216216192,363.71251198782795
1973-06-06 22:47:55.675675648,360.7563528910401
1973-07-05 02:25:35.135135104,361.647697977605
1973-08-02 06:03:14.594594560,367.6495857402034
1973-08-30 09:40:54.054054016,358.5036045172823
1973-09-27 13:18:33.513513472,364.39714856751186
1973-10-25 16:56:12.972972928,360.8508985996924
1973-11-22 20:33:52.432432384,360.97365604592596
1973-12-21 00:11:31.891891968,367.7561465221982
1974-01-18 03:49:11.351351424,366.5895442074026
1974-02-15 07:26:50.810810880,366.7302108426659
1974-03-15 11:04:30.270270336,369.3902568986345
1974-04-12 14:42:09.729729792,363.16808227122687
1974-05-10 18:19:49.189189248,366.6730281197381
1974-06-07 21:57:28.648648704,361.9121296804962
1974-07-06 01:35:08.108108160,365.2844954261059
1974-08-03 05:12:47.567567616,363.21314859202545
1974-08-31 08:50:27.027027072,364.54904388902764
1974-09-28 12:28:06.486486528,367.24004939144885
1974-10-26 16:05:45.945945984,360.3733610482971
1974-11-23 19:43:25.405405440,375.12660104309197
1974-12-21 23:21:04.864864896,359.8347779573664
1975-01-19 02:58:44.324324352,358.9941220011264
1975-02-16 06:36:23.783783808,371.05581963276563
1975-03-16 10:14:03.243243264,369.42377893528015
1975-04-13 13:51:42.702702720,368.7862647509264
1975-05-11 17:29:22.162162176,369.0075934121873
1975-06-08 21:07:01.621621632,366.0048322018315
1975-07-07 00:44:41.081081088,361.7799944088371
1975-08-04 04:22:20.540540544,366.84548925743513
1975-09-01 08:00:00.000000000,363.28085810910613
1975-09-29 11:37:39.459459456,371.7424655339556
1975-10-27 15:15:18.918918912,366.3317801595564
1975-11-24 18:52:58.378378368,363.13978128330467
1975-12-22 22:30:37.837837824,365.86053825920254
1976-01-20 02:08:17.297297280,369.7323249390458
1976-02-17 05:45:56.756756736,365.04924510384797
1976-03-16 09:23:36.216216192,363.95696609023594
1976-04-13 13:01:15.675675648,369.4867043257278
1976-05-11 16:38:55.135135104,369.6933013240121
1976-06-08 20:16:34.594594560,366.133952791813
1976-07-06 23:54:14.054054016,366.51367734077724
1976-08-04 03:31:53.513513472,370.22931875585726
1976-09-01 07:09:32.972972928,362.02884756178264
1976-09-29 10:47:12.432432384,362.43215059758666
1976-10-27 14:24:51.891891968,366.07744856340753
1976-11-24 18:02:31.351351424,368.8026341113106
1976-12-22 21:40:10.810810880,371.6246078980601
1977-01-20 01:17:50.270270336,377.647051355018
1977-02-17 04:55:29.729729792,374.7587685864805
1977-03-17 08:33:09.189189248,369.87097802085356
1977-04-14 12:10:48.648648704,370.77578983135743
1977-05-12 15:48:28.108108160,366.05842424788204
1977-06-09 19:26:07.567567616,371.1787055913094
1977-07-07 23:03:47.027027072,370.0281782768708
1977-08-05 02:41:26.486486528,373.28526447336213
1977-09-02 06:19:05.945945984,367.73571715411026
1977-09-30 09:56:45.405405440,374.6688046432779
1977-10-28 13:34:24.864864896,379.93596683728515
1977-11-25 17:12:04.324324352,371.92867173018817
1977-12-23 20:49:43.783783808,374.6812312831674
1978-01-21 00:27:23.243243264,376.32359283142847
1978-02-18 04:05:02.702702720,371.0669707136439
1978-03-18 07:42:42.162162176,374.39373568232537
1978-04-15 11:20:21.621621632,373.53643547738244
1978-05-13 14:58:01.081081088,374.1620541664178
1978-06-10 18:35:40.540540544,370.00882495459655
1978-07-08 22:13:20.000000000,374.1966249453688
1978-08-06 01:50:59.459459456,376.7642657305015
1978-09-03 05:28:38.918918912,381.7301925134497
1978-10-01 09:06:18.378378368,379.47102880510073
1978-10-29 12:43:57.837837824,385.6407871624327
1978-11-26 16:21:37.297297280,371.2383372606348
1978-12-24 19:59:16.756756736,379.63687845887864
1979-01-21 23:36:56.216216192,376.39218550416723
1979-02-19 03:14:35.675675648,386.62469034176405
1979-03-19 06:52:15.135135104,371.8343844491001
1979-04-16 10:29:54.594594560,371.8774668651722
1979-05-14 14:07:34.054054016,373.27931304905616
1979-06-11 17:45:13.513513472,365.85699785492744
1979-07-09 21:22:52.972972928,374.04790156827283
1979-08-07 01:00:32.432432384,373.08121356910834
1979-09-04 04:38:11.891891968,377.8290460094581
1979-10-02 08:15:51.351351424,378.9860571561631
1979-10-30 11:53:30.810810880,386.8583316735569
1979-11-27 15:31:10.270270336,382.429796868608
1979-12-25 19:08:49.729729792,374.99335959956585
1980-01-22 22:46:29.189189248,373.5860047213363
1980-02-20 02:24:08.648648704,380.7378741358108
1980-03-19 06:01:48.108108160,371.8773124433752
1980-04-16 09:39:27.567567616,387.8359725079505
1980-05-14 13:17:07.027027072,384.77607948248533
1980-06-11 16:54:46.486486528,376.73320081855553
1980-07-09 20:32:25.945945984,370.7136066338249
1980-08-07 00:10:05.405405440,386.2488413503066
1980-09-04 03:47:44.864864896,379.1069804534166
1980-10-02 07:25:24.324324352,386.06896143974717
1980-10-30 11:03:03.783783808,372.1079417861082
1980-11-27 14:40:43.243243264,377.28340516551145
1980-12-25 18:18:22.702702720,380.5066989790714
1981-01-22 21:56:02.162162176,380.91558364950436
1981-02-20 01:33:41.621621632,378.6305535234847
1981-03-20 05:11:21.081081088,384.1953307428186
1981-04-17 08:49:00.540540544,375.94317913436834
1981-05-15 12:26:40.000000000,380.769584056375
1981-06-12 16:04:19.459459456,382.2831598402411
1981-07-10 19:41:58.918918912,384.45407605217565
1981-08-07 23:19:38.378378368,385.64015647252654
1981-09-05 02:57:17.837837824,376.6590718230929
1981-10-03 06:34:57.297297280,374.8119116288044
1981-10-31 10:12:36.756756736,389.07106679217526
1981-11-28 13:50:16.216216192,384.5444529427808
1981-12-26 17:27:55.675675648,379.3406504003003
1982-01-23 21:05:35.135135104,391.03904316089586
1982-02-21 00:43:14.594594560,384.0618566549478
1982-03-21 04:20:54.054054016,389.58016960400283
1982-04-18 07:58:33.513513472,384.2214762909344
1982-05-16 11:36:12.972972928,394.38782370849407
1982-06-13 15:13:52.432432512,393.06098849650033
1982-07-11 18:51:31.891891968,383.23966374208914
1982-08-08 22:29:11.351351424,389.54253943945645
1982-09-06 02:06:50.810810880,388.1117646328106
1982-10-04 05:44:30.270270336,391.92824287274686
1982-11-01 09:22:09.729729792,380.46066798238473
1982-11-29 12:59:49.189189248,388.9157427854777
1982-12-27 16:37:28.648648704,390.9778081199336
1983-01-24 20:15:08.108108160,377.09218845377035
1983-02-21 23:52:47.567567616,380.16979352275723
1983-03-22 03:30:27.027027072,376.09012539748585
1983-04-19 07:08:06.486486528,385.13945231426374
1983-05-17 10:45:45.945945984,390.27439796566654
1983-06-14 14:23:25.405405440,394.39867214736705
1983-07-12 18:01:04.864864896,387.45756098918594
1983-08-09 21:38:44.324324352,395.43036501514376
1983-09-07 01:16:23.783783808,380.58698019641304
1983-10-05 04:54:03.243243264,379.1707754909119
1983-11-02 08:31:42.702702720,387.6101493934048
1983-11-30 12:09:22.162162176,390.00841533278464
1983-12-28 15:47:01.621621632,388.12481454781783
1984-01-25 19:24:41.081081088,378.1512779882891
1984-02-22 23:02:20.540540544,388.24308849112475
1984-03-22 02:40:00.000000000,382.36654138636464
1984-04-19 06:17:39.459459456,392.43745183323927
1984-05-17 09:55:18.918918912,391.12228051977354
1984-06-14 13:32:58.378378368,384.79009055785275
1984-07-12 17:10:37.837837824,387.12035510300626
1984-08-09 20:48:17.297297280,384.5938222804451
1984-09-07 00:25:56.756756736,389.77669460372425
1984-10-05 04:03:36.216216192,395.06600189279646
1984-11-02 07:41:15.675675648,385.56186025881277
1984-11-30 11:18:55.135135104,393.21092326827994
1984-12-28 14:56:34.594594560,388.23960279902866
1985-01-25 18:34:14.054054016,387.1267269297794
1985-02-22 22:11:53.513513472,390.7561394915185
1985-03-23 01:49:32.972972928,386.3152798793946
1985-04-20 05:27:12.432432512,388.92344516495575
1985-05-18 09:04:51.891891968,385.9025024289476
1985-06-15 12:42:31.351351424,401.91571775667404
1985-07-13 16:20:10.810810880,392.46861005215095
1985-08-10 19:57:50.270270336,388.9938649525296
1985-09-07 23:35:29.729729792,393.76259224636385
1985-10-06 03:13:09.189189248,392.3312526444388
1985-11-03 06:50:48.648648704,391.988245095427
1985-12-01 10:28:28.108108160,396.3641267935104
1985-12-29 14:06:07.567567616,397.28103204373
1986-01-26 17:43:47.027027072,391.0411879556411
1986-02-23 21:21:26.486486528,391.0148026906705
1986-03-24 00:59:05.945945984,392.7188356083359
1986-04-21 04:36:45.405405440,382.7846884706164
1986-05-19 08:14:24.864864896,386.91853918350176
1986-06-16 11:52:04.324324352,401.52906603191735
1986-07-14 15:29:43.783783808,403.1197334624013
1986-08-11 19:07:23.243243264,393.84991489731317
1986-09-08 22:45:02.702702848,398.1780801105742
1986-10-07 02:22:42.162162176,397.0517462682132
1986-11-04 06:00:21.621621760,411.09009973797185
1986-12-02 09:38:01.081081088,401.4937704530688
1986-12-30 13:15:40.540540672,395.4565081386923
1987-01-27 16:53:20.000000000,391.51859409329415
1987-02-24 20:30:59.459459584,388.46426489520866
1987-03-25 00:08:38.918918912,397.7140148760328
1987-04-22 03:46:18.378378496,393.1151431704754
1987-05-20 07:23:57.837837824,389.98582854910876
1987-06-17 11:01:37.297297408,394.06443287608465
1987-07-15 14:39:16.756756736,392.08975747942554
1987-08-12 18:16:56.216216320,406.13340587306055
1987-09-09 21:54:35.675675648,402.30609668264515
1987-10-08 01:32:15.135135232,398.058234891515
1987-11-05 05:09:54.594594560,405.6980189927484
1987-12-03 08:47:34.054054144,398.88534003673664
1987-12-31 12:25:13.513513472,394.3922776920574
1988-01-28 16:02:52.972973056,406.51451928524716
1988-02-25 19:40:32.432432384,401.7936493175224
1988-03-24 23:18:11.891891968,394.11306852766705
1988-04-22 02:55:51.351351296,398.5478061090815
1988-05-20 06:33:30.810810880,395.3216084327759
1988-06-17 10:11:10.270270208,392.9859012450782
1988-07-15 13:48:49.729729792,404.73098783775833
1988-08-12 17:26:29.189189120,409.847383502651
1988-09-09 21:04:08.648648704,393.5076626314048
1988-10-08 00:41:48.108108032,403.5155468841536
1988-11-05 04:19:27.567567616,397.6476880552918
1988-12-03 07:57:07.027026944,398.66547418227765
1988-12-31 11:34:46.486486528,398.33933168010697
1989-01-28 15:12:25.945945856,397.1815476531024
1989-02-25 18:50:05.405405440,401.9443098414259
1989-03-25 22:27:44.864864768,397.7471513198467
1989-04-23 02:05:24.324324352,403.4543862310013
1989-05-21 05:43:03.783783680,402.05111175505664
1989-06-18 09:20:43.243243264,401.30776226817045
1989-07-16 12:58:22.702702848,398.16488439249474
1989-08-13 16:36:02.162162176,400.01904625006125
1989-09-10 20:13:41.621621760,406.8800592322319
1989-10-08 23:51:21.081081088,405.80788924142524
1989-11-06 03:29:00.540540672,398.61572727951074
1989-12-04 07:06:40.000000000,404.2003652308498
1990-01-01 10:44:19.459459584,407.66083952076286
1990-01-29 14:21:58.918918912,395.75707769849726
1990-02-26 17:59:38.378378496,407.02110526620396
1990-03-26 21:37:17.837837824,401.19138570977526
1990-04-24 01:14:57.297297408,407.5576980476705
1990-05-22 04:52:36.756756736,401.08860912219234
1990-06-19 08:30:16.216216320,396.0806946017825
1990-07-17 12:07:55.675675648,397.1675931158895
1990-08-14 15:45:35.135135232,405.74593023881243
1990-09-11 19:23:14.594594560,407.0043182143131
1990-10-09 23:00:54.054054144,401.38432278038385
1990-11-07 02:38:33.513513472,409.29906839999296
1990-12-05 06:16:12.972973056,397.9987059949615
1991-01-02 09:53:52.432432384,406.1761075132699
1991-01-30 13:31:31.891891968,400.6516257078944
1991-02-27 17:09:11.351351296,403.6477263678961
1991-03-27 20:46:50.810810880,407.3441004636892
1991-04-25 00:24:30.270270208,403.00524048088755
1991-05-23 04:02:09.729729792,405.58472978635837
1991-06-20 07:39:49.189189120,412.7391717537799
1991-07-18 11:17:28.648648704,405.02344856029214
1991-08-15 14:55:08.108108032,412.28656866843386
1991-09-12 18:32:47.567567616,402.65977403502023
1991-10-10 22:10:27.027026944,411.15752939808493
1991-11-08 01:48:06.486486528,415.91655181199826
1991-12-06 05:25:45.945945856,396.5506864082725
1992-01-03 09:03:25.405405440,405.12463283175674
1992-01-31 12:41:04.864864768,412.194669945212
1992-02-28 16:18:44.324324352,408.4942825792945
1992-03-27 19:56:23.783783680,411.5654390765663
1992-04-24 23:34:03.243243264,406.8899839763308
1992-05-23 03:11:42.702702848,410.54305904747457
1992-06-20 06:49:22.162162176,409.53192413334995
1992-07-18 10:27:01.621621760,416.34942081880956
1992-08-15 14:04:41.081081088,411.9828149272168
1992-09-12 17:42:20.540540672,412.5989242212869
1992-10-10 21:20:00.000000000,409.05172628049877
1992-11-08 00:57:39.459459584,408.87328019094883
1992-12-06 04:35:18.918918912,409.3487205724134
1993-01-03 08:12:58.378378496,413.68397242360317
1993-01-31 11:50:37.837837824,409.8069895078106
1993-02-28 15:28:17.297297408,413.5609863965942
1993-03-28 19:05:56.756756736,422.68931630553953
1993-04-25 22:43:36.216216320,416.86813602967095
1993-05-24 02:21:15.675675648,411.08259505187345
1993-06-21 05:58:55.135135232,418.91898252373267
1993-07-19 09:36:34.594594560,411.07273624800536
1993-08-16 13:14:14.054054144,403.12269063742406
1993-09-13 16:51:53.513513472,408.4730819589265
1993-10-11 20:29:32.972973056,404.35975410858447
1993-11-09 00:07:12.432432384,412.15634649370736
1993-12-07 03:44:51.891891968,414.20620601006186
1994-01-04 07:22:31.351351296,422.6965008756907
1994-02-01 11:00:10.810810880,416.1491513833353
1994-03-01 14:37:50.270270208,413.6192120706704
1994-03-29 18:15:29.729729792,419.06194282083237
1994-04-26 21:53:09.189189120,404.0594385700757
1994-05-25 01:30:48.648648704,416.4933881058582
1994-06-22 05:08:28.108108032,419.36984148495037
1994-07-20 08:46:07.567567616,408.3227844868165
1994-08-17 12:23:47.027026944,421.63468613195056
1994-09-14 16:01:26.486486528,417.8085981535882
1994-10-12 19:39:05.945945856,414.2398767468123
1994-11-09 23:16:45.405405440,419.6804258470479
1994-12-08 02:54:24.864864768,428.07018100573873
1995-01-05 06:32:04.324324352,417.8262481922094
1995-02-02 10:09:43.783783680,418.3582200486188
1995-03-02 13:47:23.243243264,415.0205128196161
1995-03-30 17:25:02.702702848,413.26829567019354
1995-04-27 21:02:42.162162176,421.86939680043895
1995-05-26 00:40:21.621621760,413.6374987883736
1995-06-23 04:18:01.081081088,418.4759493042151
1995-07-21 07:55:40.540540672,415.9300310844928
1995-08-18 11:33:20.000000000,420.91341764725047
1995-09-15 15:10:59.459459584,420.3870292451535
1995-10-13 18:48:38.918918912,424.1066186402084
1995-11-10 22:26:18.378378496,416.56903712484535
1995-12-09 02:03:57.837837824,417.96994464285245
1996-01-06 05:41:37.297297408,414.625700940608
1996-02-03 09:19:16.756756736,417.49825341933916
1996-03-02 12:56:56.216216320,421.80642238514423
1996-03-30 16:34:35.675675648,423.9050632033469
1996-04-27 20:12:15.135135232,415.7094936994322
1996-05-25 23:49:54.594594560,424.8685501210489
1996-06-23 03:27:34.054054144,427.4989100147455
1996-07-21 07:05:13.513513472,422.9880954370394
1996-08-18 10:42:52.972973056,430.50510018391145
1996-09-15 14:20:32.432432384,417.4523753258034
1996-10-13 17:58:11.891891968,415.2982480049645
1996-11-10 21:35:51.351351296,412.82812047720034
1996-12-09 01:13:30.810810880,429.40214347936785
1997-01-06 04:51:10.270270208,425.39395040389246
1997-02-03 08:28:49.729729792,422.04439896777006
1997-03-03 12:06:29.189189120,423.9223656541216
1997-03-31 15:44:08.648648704,417.0952774862308
1997-04-28 19:21:48.108108032,435.15168282100706
1997-05-26 22:59:27.567567616,423.7692290329993
1997-06-24 02:37:07.027026944,423.8702972963478
1997-07-22 06:14:46.486486528,427.15235664301696
1997-08-19 09:52:25.945945856,426.1287698824073
1997-09-16 13:30:05.405405440,425.0433440453196
1997-10-14 17:07:44.864864768,420.17175184689756
1997-11-11 20:45:24.324324352,426.6816661100043
1997-12-10 00:23:03.783783936,433.9346470068997
1998-01-07 04:00:43.243243264,431.45182495549966
1998-02-04 07:38:22.702702848,432.8908580581219
1998-03-04 11:16:02.162162176,422.5690467429692
1998-04-01 14:53:41.621621760,420.37730122403246
1998-04-29 18:31:21.081081088,424.8965909250273
1998-05-27 22:09:00.540540672,426.0043502871692
1998-06-25 01:46:40.000000000,431.3968835182807
1998-07-23 05:24:19.459459584,417.663802977552
1998-08-20 09:01:58.918918912,433.9740779236294
1998-09-17 12:39:38.378378496,425.7364870336316
1998-10-15 16:17:17.837837824,424.5923213769896
1998-11-12 19:54:57.297297408,421.86640505062616
1998-12-10 23:32:36.756756736,418.85284376779833
1999-01-08 03:10:16.216216320,431.4431802471369
1999-02-05 06:47:55.675675648,427.89411736346955
1999-03-05 10:25:35.135135232,421.27792322902246
1999-04-02 14:03:14.594594560,421.45253406760986
1999-04-30 17:40:54.054054144,426.4492046316775
1999-05-28 21:18:33.513513472,436.6734359547753
1999-06-26 00:56:12.972973056,427.2305717717106
1999-07-24 04:33:52.432432384,421.21301396313817
1999-08-21 08:11:31.891891968,427.7002136084992
1999-09-18 11:49:11.351351296,427.7655112803908
1999-10-16 15:26:50.810810880,415.84489611462146
1999-11-13 19:04:30.270270208,429.2580551969405
1999-12-11 22:42:09.729729792,428.57505707868637
2000-01-09 02:19:49.189189120,433.410961753997
2000-02-06 05:57:28.648648704,439.3749106048569
2000-03-05 09:35:08.108108032,435.9631554780691
2000-04-02 13:12:47.567567616,429.1860870777564
2000-04-30 16:50:27.027026944,425.19810118702236
2000-05-28 20:28:06.486486528,443.7977299471802
2000-06-26 00:05:45.945945856,431.4272233012036
2000-07-24 03:43:25.405405440,431.4009777908961
2000-08-21 07:21:04.864864768,431.4109060959815
2000-09-18 10:58:44.324324352,432.72215553557106
2000-10-16 14:36:23.783783936,431.21012987231217
2000-11-13 18:14:03.243243264,429.26382209773095
2000-12-11 21:51:42.702702848,429.59803762613035
2001-01-09 01:29:22.162162176,432.36876618145254
2001-02-06 05:07:01.621621760,430.0156088770639
2001-03-06 08:44:41.081081088,429.3687040195471
2001-04-03 12:22:20.540540672,433.6652842715926
2001-05-01 16:00:00.000000000,432.0584472462291
2001-05-29 19:37:39.459459584,441.0534984764469
2001-06-26 23:15:18.918918912,420.4788846917687
2001-07-25 02:52:58.378378496,439.39146819354625
2001-08-22 06:30:37.837837824,440.36456009662226
2001-09-19 10:08:17.297297408,423.96738317229364
2001-10-17 13:45:56.756756736,432.8210965641328
2001-11-14 17:23:36.216216320,432.87753040475576
2001-12-12 21:01:15.675675648,427.89737646134586
2002-01-10 00:38:55.135135232,431.24605169718075
2002-02-07 04:16:34.594594560,429.7824561080062
2002-03-07 07:54:14.054054144,444.2968877526536
2002-04-04 11:31:53.513513472,440.41412770147303
2002-05-02 15:09:32.972973056,442.2937114109068
2002-05-30 18:47:12.432432384,439.7444964563523
2002-06-27 22:24:51.891891968,430.69107748025016
2002-07-26 02:02:31.351351296,433.9139352051377
2002-08-23 05:40:10.810810880,439.18360954287635
2002-09-20 09:17:50.270270208,430.8262978924772
2002-10-18 12:55:29.729729792,440.7021292879991
2002-11-15 16:33:09.189189120,436.13571034654666
2002-12-13 20:10:48.648648704,435.66343349978956
2003-01-10 23:48:28.108108032,441.29253757875523
2003-02-08 03:26:07.567567616,440.15925449536815
2003-03-08 07:03:47.027026944,436.33330730904277
2003-04-05 10:41:26.486486528,444.1349873551596
2003-05-03 14:19:05.945945856,433.13322190053907
2003-05-31 17:56:45.405405440,441.8184167734601
2003-06-28 21:34:24.864864768,441.90444522878084
2003-07-27 01:12:04.324324352,437.5914069425692
2003-08-24 04:49:43.783783936,440.97000445054994
2003-09-21 08:27:23.243243264,433.283971657613
2003-10-19 12:05:02.702702848,444.3598748357743
2003-11-16 15:42:42.162162176,439.01542925772503
2003-12-14 19:20:21.621621760,437.52652503754496
2004-01-11 22:58:01.081081088,445.58538646952485
2004-02-09 02:35:40.540540672,437.0188220878267
2004-03-08 06:13:20.000000000,433.698434258923
2004-04-05 09:50:59.459459584,433.15779507332144
2004-05-03 13:28:38.918918912,444.17119089786934
2004-05-31 17:06:18.378378496,434.93919457885994
2004-06-28 20:43:57.837837824,450.3155124514634
2004-07-27 00:21:37.297297408,431.33209470232316
2004-08-24 03:59:16.756756736,450.42422378339216
2004-09-21 07:36:56.216216320,443.19722947815524
2004-10-19 11:14:35.675675648,441.8587767829904
2004-11-16 14:52:15.135135232,439.8179471084978
2004-12-14 18:29:54.594594560,444.7384233145031
2005-01-11 22:07:34.054054144,442.7547694308187
2005-02-09 01:45:13.513513472,448.6596525532258
2005-03-09 05:22:52.972973056,443.91448158665355
2005-04-06 09:00:32.432432384,444.295052350853
2005-05-04 12:38:11.891891968,441.92568268267445
2005-06-01 16:15:51.351351296,443.6592158253386
2005-06-29 19:53:30.810810880,445.68315298860443
2005-07-27 23:31:10.270270208,435.7935023810612
2005-08-25 03:08:49.729729792,437.803617434016
2005-09-22 06:46:29.189189120,448.46106521485837
2005-10-20 10:24:08.648648704,445.79927213558466
2005-11-17 14:01:48.108108032,444.2252284633818
2005-12-15 17:39:27.567567616,445.4375150106723
2006-01-12 21:17:07.027026944,447.28345407235395
2006-02-10 00:54:46.486486528,443.04694734419894
2006-03-10 04:32:25.945945856,442.05442231893437
2006-04-07 08:10:05.405405440,447.1253724216346
2006-05-05 11:47:44.864864768,441.45448245827123
2006-06-02 15:25:24.324324352,448.58781032511894
2006-06-30 19:03:03.783783936,438.2338287255576
2006-07-28 22:40:43.243243264,452.09272513357513
2006-08-26 02:18:22.702702848,449.51013455921236
2006-09-23 05:56:02.162162176,448.62749601891676
2006-10-21 09:33:41.621621760,452.4610024672751
2006-11-18 13:11:21.081081088,456.07511997006065
2006-12-16 16:49:00.540540672,453.01979827303865
2007-01-13 20:26:40.000000000,438.9437769914899
2007-02-11 00:04:19.459459584,441.9504635146699
2007-03-11 03:41:58.918918912,445.4244556600701
2007-04-08 07:19:38.378378496,448.87920399980294
2007-05-06 10:57:17.837837824,451.5372440512946
2007-06-03 14:34:57.297297408,445.5204300833818
2007-07-01 18:12:36.756756736,450.2831831717348
2007-07-29 21:50:16.216216320,445.77263488778294
2007-08-27 01:27:55.675675648,446.69216073479004
2007-09-24 05:05:35.135135232,442.9166444657089
2007-10-22 08:43:14.594594560,445.5339839195956
2007-11-19 12:20:54.054054144,443.5919273222687
2007-12-17 15:58:33.513513472,445.6711842856639
2008-01-14 19:36:12.972973056,456.0189597337899
2008-02-11 23:13:52.432432384,446.20395650679126
2008-03-11 02:51:31.891891968,464.31306147533815
2008-04-08 06:29:11.351351296,453.8179408557558
2008-05-06 10:06:50.810810880,452.475732170026
2008-06-03 13:44:30.270270208,447.45996285084567
2008-07-01 17:22:09.729729792,455.45350134899695
2008-07-29 20:59:49.189189120,449.27396302096327
2008-08-27 00:37:28.648648704,452.9624014255792
2008-09-24 04:15:08.108108032,465.35297524389654
2008-10-22 07:52:47.567567616,452.2724532541295
2008-11-19 11:30:27.027026944,458.6993195843813
2008-12-17 15:08:06.486486528,449.63727102752375
2009-01-14 18:45:45.945945856,453.1784109008685
2009-02-11 22:23:25.405405440,462.4075567317311
2009-03-12 02:01:04.864864768,450.6189184648149
2009-04-09 05:38:44.324324352,463.01619674393856
2009-05-07 09:16:23.783783936,457.69291383143155
2009-06-04 12:54:03.243243264,451.54202047488303
2009-07-02 16:31:42.702702848,457.71659324983216
2009-07-30 20:09:22.162162176,459.61752700288844
2009-08-27 23:47:01.621621760,458.0640047660409
2009-09-25 03:24:41.081081088,447.30403155570286
2009-10-23 07:02:20.540540672,451.719669476231
2009-11-20 10:40:00.000000000,454.31796237779804
2009-12-18 14:17:39.459459584,455.3835886102556
2010-01-15 17:55:18.918918912,459.05931644370935
2010-02-12 21:32:58.378378496,457.04466116082244
2010-03-13 01:10:37.837837824,449.6796345628059
2010-04-10 04:48:17.297297408,458.45754581158633
2010-05-08 08:25:56.756756736,459.8096854831759
2010-06-05 12:03:36.216216320,459.75590919661215
2010-07-03 15:41:15.675675648,462.56106078493025
2010-07-31 19:18:55.135135232,461.5269681301019
2010-08-28 22:56:34.594594560,459.8534579536998
2010-09-26 02:34:14.054054144,457.4069292004645
2010-10-24 06:11:53.513513472,449.65315329037804
2010-11-21 09:49:32.972973056,460.3062492538211
2010-12-19 13:27:12.432432384,459.39679679417395
2011-01-16 17:04:51.891891968,459.91645274453543
2011-02-13 20:42:31.351351296,452.3750158796572
2011-03-14 00:20:10.810810880,453.5536762569177
2011-04-11 03:57:50.270270208,464.4249234258237
2011-05-09 07:35:29.729729792,459.1615835900761
2011-06-06 11:13:09.189189120,462.9670630464227
2011-07-04 14:50:48.648648704,459.90135164041203
2011-08-01 18:28:28.108108032,460.1087406574387
2011-08-29 22:06:07.567567616,464.8515791900401
2011-09-27 01:43:47.027026944,457.78013671927346
2011-10-25 05:21:26.486486528,461.0411644452655
2011-11-22 08:59:05.945945856,458.44938431723557
2011-12-20 12:36:45.405405440,458.7884798237994
2012-01-17 16:14:24.864865024,459.615300543818
2012-02-14 19:52:04.324324352,462.47203021952987
2012-03-13 23:29:43.783783936,459.1678184532442
2012-04-11 03:07:23.243243264,468.04054238962937
2012-05-09 06:45:02.702702848,457.48892545086443
2012-06-06 10:22:42.162162176,461.2278039413554
2012-07-04 14:00:21.621621760,460.1637070709915
2012-08-01 17:38:01.081081088,469.79745198433125
2012-08-29 21:15:40.540540672,463.74553664532067
2012-09-27 00:53:20.000000000,468.1221856603061
2012-10-25 04:30:59.459459584,455.73536129797833
2012-11-22 08:08:38.918918912,464.69861469270967
2012-12-20 11:46:18.378378496,468.01171754168075
2013-01-17 15:23:57.837837824,464.1751837101409
2013-02-14 19:01:37.297297408,469.29136583929073
2013-03-14 22:39:16.756756736,461.5777219136623
2013-04-12 02:16:56.216216320,471.4111015652923
2013-05-10 05:54:35.675675648,476.0590551826608
2013-06-07 09:32:15.135135232,462.95057196256647
2013-07-05 13:09:54.594594560,462.7374523579611
2013-08-02 16:47:34.054054144,472.43208755075364
2013-08-30 20:25:13.513513472,473.26322609401893
2013-09-28 00:02:52.972973056,462.95126542979926
2013-10-26 03:40:32.432432384,463.66483168028645
2013-11-23 07:18:11.891891968,464.5570429216635
2013-12-21 10:55:51.351351296,459.44391361099474
2014-01-18 14:33:30.810810880,461.77310663394536
2014-02-15 18:11:10.270270208,461.5458627328062
2014-03-15 21:48:49.729729792,462.9277789412461
2014-04-13 01:26:29.189189120,466.7935425300331
2014-05-11 05:04:08.648648704,468.3382408298498
2014-06-08 08:41:48.108108032,475.11986983143777
2014-07-06 12:19:27.567567616,462.5757973638737
2014-08-03 15:57:07.027026944,472.68937976015064
2014-08-31 19:34:46.486486528,466.8980237468404
2014-09-28 23:12:25.945945856,467.920849619906
2014-10-27 02:50:05.405405440,471.74246582920136
2014-11-24 06:27:44.864865024,462.9549584607571
2014-12-22 10:05:24.324324352,470.68081749968906
2015-01-19 13:43:03.783783936,469.80123001003426
2015-02-16 17:20:43.243243264,471.63142548920996
2015-03-16 20:58:22.702702848,470.8152125889084
2015-04-14 00:36:02.162162176,481.846070269124
2015-05-12 04:13:41.621621760,466.5810698485132
2015-06-09 07:51:21.081081088,467.31498519496085
2015-07-07 11:29:00.540540672,467.05446753804637
2015-08-04 15:06:40.000000000,467.5929847745691
2015-09-01 18:44:19.459459584,467.38363493403796
2015-09-29 22:21:58.918918912,476.71585342630857
2015-10-28 01:59:38.378378496,478.0734922109203
2015-11-25 05:37:17.837837824,468.3174397024238
2015-12-23 09:14:57.297297408,467.2095935058503
2016-01-20 12:52:36.756756736,473.9286493535036
2016-02-17 16:30:16.216216320,469.01065655036695
2016-03-16 20:07:55.675675648,475.13663106074955
2016-04-13 23:45:35.135135232,473.1867872764287
2016-05-12 03:23:14.594594560,464.79365179738625
2016-06-09 07:00:54.054054144,480.3100985792229
2016-07-07 10:38:33.513513472,481.7521611382504
2016-08-04 14:16:12.972973056,469.9090295205511
2016-09-01 17:53:52.432432384,471.2346653734932
2016-09-29 21:31:31.891891968,474.8027003269979
2016-10-28 01:09:11.351351296,475.24585752350873
2016-11-25 04:46:50.810810880,477.0664951371379
2016-12-23 08:24:30.270270208,484.02499666780574
2017-01-20 12:02:09.729729792,473.2894380367039
2017-02-17 15:39:49.189189120,470.3828881516821
2017-03-17 19:17:28.648648704,467.677978434502
2017-04-14 22:55:08.108108032,471.1201245750652
2017-05-13 02:32:47.567567616,474.809340110606
2017-06-10 06:10:27.027026944,484.1479644927641
2017-07-08 09:48:06.486486528,472.7873188801945
2017-08-05 13:25:45.945945856,476.6945153337701
2017-09-02 17:03:25.405405440,475.693661295412
2017-09-30 20:41:04.864865024,481.9179423432164
2017-10-29 00:18:44.324324352,488.81083830554434
2017-11-26 03:56:23.783783936,473.7220325117747
2017-12-24 07:34:03.243243264,474.1293793639855
2018-01-21 11:11:42.702702848,481.9975811621222
2018-02-18 14:49:22.162162176,480.3864344251085
2018-03-18 18:27:01.621621760,486.41071380585737
2018-04-15 22:04:41.081081088,480.2970183040072
2018-05-14 01:42:20.540540672,475.7811171236423
2018-06-11 05:20:00.000000000,480.7310519312394
2018-07-09 08:57:39.459459584,483.5214958808925
2018-08-06 12:35:18.918918912,482.280589084165
2018-09-03 16:12:58.378378496,480.91474853391486
2018-10-01 19:50:37.837837824,483.9119520265243
2018-10-29 23:28:17.297297408,484.6252567310072
2018-11-27 03:05:56.756756736,485.8897739341666
2018-12-25 06:43:36.216216320,482.4227286171274
2019-01-22 10:21:15.675675648,478.54378897779515
2019-02-19 13:58:55.135135232,480.3131480117462
2019-03-19 17:36:34.594594560,485.81232461232156
2019-04-16 21:14:14.054054144,475.8953016250438
2019-05-15 00:51:53.513513472,482.0235467245447
2019-06-12 04:29:32.972973056,478.4136863187436
2019-07-10 08:07:12.432432384,480.7243046952547
2019-08-07 11:44:51.891891968,487.1730400938173
2019-09-04 15:22:31.351351296,481.93647632108053
2019-10-02 19:00:10.810810880,481.4133639219619
2019-10-30 22:37:50.270270208,474.5821006764818
2019-11-28 02:15:29.729729792,485.3128494117177
2019-12-26 05:53:09.189189120,485.0092026874872
2020-01-23 09:30:48.648648704,492.79825559850934
2020-02-20 13:08:28.108108032,480.6432910074172
2020-03-19 16:46:07.567567616,483.4781340207021
2020-04-16 20:23:47.027026944,483.8295010011364
2020-05-15 00:01:26.486486528,490.6700491816001
2020-06-12 03:39:05.945945856,482.5065053210482
2020-07-10 07:16:45.405405440,484.5782908120349
2020-08-07 10:54:24.864865024,486.42286593196604
2020-09-04 14:32:04.324324352,484.5166291993654
2020-10-02 18:09:43.783783936,481.55161571103116
2020-10-30 21:47:23.243243264,484.9544339484755
2020-11-28 01:25:02.702702848,489.5523429334831
2020-12-26 05:02:42.162162176,479.25180788732905
2021-01-23 08:40:21.621621760,485.249432955319
2021-02-20 12:18:01.081081088,481.28418071008895
2021-03-20 15:55:40.540540672,490.9602181296092
2021-04-17 19:33:20.000000000,477.5692506612663
2021-05-15 23:10:59.459459584,482.5907761490275
2021-06-13 02:48:38.918918912,487.4716449609082
2021-07-11 06:26:18.378378496,493.6134059319575
2021-08-08 10:03:57.837837824,485.657234680621
2021-09-05 13:41:37.297297408,483.41018855272023
2021-10-03 17:19:16.756756736,495.7921717335893
2021-10-31 20:56:56.216216320,479.34651708450536
2021-11-29 00:34:35.675675648,475.7927570036864
2021-12-27 04:12:15.135135232,489.18705923725366
2022-01-24 07:49:54.594594560,484.6769160654241
2022-02-21 11:27:34.054054144,482.28122330173386
2022-03-21 15:05:13.513513472,491.12936982408434
2022-04-18 18:42:52.972973056,489.0067913566438
2022-05-16 22:20:32.432432384,485.16759483430434
2022-06-14 01:58:11.891891968,481.7866661948337
2022-07-12 05:35:51.351351296,492.75067502978914
2022-08-09 09:13:30.810810880,491.8395944783819
2022-09-06 12:51:10.270270208,488.29290946989187
2022-10-04 16:28:49.729729792,498.22217396922736
2022-11-01 20:06:29.189189120,483.83876535755843
2022-11-29 23:44:08.648648704,481.7617635347657
2022-12-28 03:21:48.108108032,486.1300492401834
2023-01-25 06:59:27.567567616,489.56185970801226
2023-02-22 10:37:07.027026944,491.2066872366035
2023-03-22 14:14:46.486486528,488.9840099009086
2023-04-19 17:52:25.945946112,492.1506673729619
2023-05-17 21:30:05.405405696,484.3328934696384
2023-06-15 01:07:44.864864768,498.00961381115707
2023-07-13 04:45:24.324324352,490.5802350990282
2023-08-10 08:23:03.783783936,496.7776703491318
2023-09-07 12:00:43.243243520,493.1050181232799
2023-10-05 15:38:22.702702592,493.8753576873605
2023-11-02 19:16:02.162162176,494.6406281929528
2023-11-30 22:53:41.621621760,494.2305347920786
2023-12-29 02:31:21.081081344,495.40580599153
2024-01-26 06:09:00.540540416,499.03815504305453
2024-02-23 09:46:40.000000000,493.5751984411
2024-03-22 13:24:19.459459584,496.3378115807354
2024-04-19 17:01:58.918919168,492.5443145215568
2024-05-17 20:39:38.378378240,500.3937792704406
2024-06-15 00:17:17.837837824,490.0114318830971
2024-07-13 03:54:57.297297408,502.5982957581477
2024-08-10 07:32:36.756756992,493.5930040405721
2024-09-07 11:10:16.216216064,486.8401184834037
2024-10-05 14:47:55.675675648,494.83471626874814
2024-11-02 18:25:35.135135232,490.98913610702
2024-11-30 22:03:14.594594816,498.7978123395382
2024-12-29 01:40:54.054053888,491.53167489828286
2025-01-26 05:18:33.513513472,492.76407782892113
2025-02-23 08:56:12.972973056,485.74749154046754
2025-03-23 12:33:52.432432640,493.13386379915005
2025-04-20 16:11:31.891891712,483.4761989624508
2025-05-18 19:49:11.351351296,487.8762816783672
2025-06-15 23:26:50.810810880,499.79806927671746
2025-07-14 03:04:30.270270464,500.12519698945033
2025-08-11 06:42:09.729729536,498.5236842053213
2025-09-08 10:19:49.189189120,491.76171588095053
2025-10-06 13:57:28.648648704,496.5582400160869
2025-11-03 17:35:08.108108288,496.9789843015442
2025-12-01 21:12:47.567567360,491.40537375123444
2025-12-30 00:50:27.027026944,504.91438890623317
2026-01-27 04:28:06.486486528,501.98440905047596
2026-02-24 08:05:45.945946112,496.69297692864944
2026-03-24 11:43:25.405405696,498.1324271929707
2026-04-21 15:21:04.864864768,499.240112237936
2026-05-19 18:58:44.324324352,488.18972405627693
2026-06-16 22:36:23.783783936,497.36271168599563
2026-07-15 02:14:03.243243520,495.3888775588098
2026-08-12 05:51:42.702702592,493.9908989495244
2026-09-09 09:29:22.162162176,497.7936977347694
2026-10-07 13:07:01.621621760,508.387832033647
2026-11-04 16:44:41.081081344,502.8038139059347
2026-12-02 20:22:20.540540416,496.9439048508858
2026-12-31 00:00:00.000000000,502.8629139067808
